{
  "offsets_cm": [
    0.001072197265624908,
    -0.0012330268554734403,
    0.0
  ],
  "reference": "plane2",
  "tol_cm": 0.3,
  "stats": {
    "plane0": {
      "offset_cm": 0.001072197265624908,
      "offset_ticks": 0.01953124999999832,
      "pairs_at_peak": 812165
    },
    "plane1": {
      "offset_cm": -0.0012330268554734403,
      "offset_ticks": -0.02246093750008544,
      "pairs_at_peak": 869582
    }
  }
}